國別地區,中文片名,關鍵字,上映日期,申請人,出品
美國,GUCCI：豪門謀殺案,GUCCI,2022/1/7,美商美國環球影片股份有限公司台灣分公司,UNIVERSAL INTERNATIONAL FILMS LLC
日本,名偵探柯南：大怪獸哥梅拉VS假面超人,柯南,2022/1/7,曼迪傳播有限公司,YOMIURI TELECASTING CORPORATION
俄羅斯,鬼保母,鬼保母,2022/1/7,車庫娛樂股份有限公司,CENTRAL PARTNERSHIP SALES HOUSE
美國,看不見的殺機,看不見的殺機,2022/1/7,采昌國際多媒體股份有限公司,Elle Driver
中華民國,沒有人該成為孤島,沒有人該成為孤島,2022/1/7,華映娛樂股份有限公司,財團法人彩晶文教基金會
美國,危城行動,危城行動,2022/1/7,車庫娛樂股份有限公司,RELAY MOTION KFT.
法國,天堂計劃,天堂計劃,2022/1/7,天馬行空數位有限公司,Playtime
日本,鳩的擊退法,鳩的擊退法,2022/1/7,中影股份有限公司,"松竹 株式會社 Shochiku Co.,Ltd"
德國,鄰危不亂,鄰危不亂,2022/1/7,本萃電影有限公司,Beta Cinema GmbH
德國,人性遊戲,人性遊戲,2022/1/7,友璽影音股份有限公司,KARNAVAS-KONTOVRAKIS KAI SIA OE/Heretic
美國,不可侵犯：溫斯坦性醜聞,不可侵犯,2022/1/7,車庫娛樂股份有限公司,EMBANKMENT FILMS LIMITED
美國,驚聲尖叫,驚聲尖叫,2022/1/14,美商美國派拉蒙影片股份有限公司台灣分公司,PARAMOUNT PICTURES CORPORATION
南韓,無間對決,無間對決,2022/1/14,車庫娛樂股份有限公司,RELAY MOTION KFT.
中國大陸,第一爐香,第一爐香,2022/1/14,影一製作所股份有限公司,"上海阿里巴巴影業有限公司,和和（上海）影業有限公司,青鳥影業(上海)有限公司,東台壹尺文化傳媒有限公司,北京星魅力影視文化傳媒集團有限公司,北京影窩文化傳媒有限公司,北京力禾欣文化傳媒有限公司,上海樂朝程影視傳媒有限公司,峨眉電影集團有限公司,桃河影業(北京)有限公司"
俄羅斯,致命最前線,致命最前線,2022/1/14,可樂藝術文創股份有限公司,Central Partnership Sales House
中華民國,修行,修行,2022/1/14,老灰狼影片製作有限公司,老灰狼影片製作有限公司
捷克,慕夏狂潮：從崛起到永恆,慕夏狂潮,2022/1/14,海鵬影業有限公司,NEW DOCS e.K.
美國,終極狩獵團,終極狩獵團,2022/1/14,車庫娛樂股份有限公司,RELAY MOTION KFT.
法國,豪門媳婦日記,豪門媳婦,2022/1/14,原創娛樂股份有限公司,Orange Studio
挪威,忍者寶寶,忍者寶寶,2022/1/14,英屬蓋曼群島商威望國際娛樂股份有限公司台灣分公司,Trustnordisk APS
香港,出租女友,出租女友,2022/1/14,英屬維京群島商映畫聯合有限公司台灣分公司,"UP TV 娛樂,中國創意數碼娛樂有限公司,hmvod,培生培心公司"
美國,西城故事,西城故事,2022/1/21,博偉電影股份有限公司,"BUENA VISTA INTERNATIONAL,INC."
日本,《屁屁偵探: 舒芙蕾島的秘密》,屁屁偵探,2022/1/21,薩摩亞商雄讚股份有限公司台灣分公司,TOEI ANIMATION ENTERPRISES LIMITED.
日本,劇場版FREE! 男子游泳部–the Final Stroke–前篇,FREE,2022/1/21,采昌國際多媒體股份有限公司,"ABC ANIMATION,INC."
中華民國,妖果小學─水果奶奶的大秘密,妖果小學,2022/1/21,牽猴子股份有限公司,財團法人公共電視文化事業基金會
法國,我的神秘狼朋友,神秘狼,2022/1/21,捷傑有限公司,GAUMONT S.A.
英國,遮蔽的天空,遮蔽的天空,2022/1/21,香港商甲上娛樂有限公司台灣分公司,HANWAY FILMS LIMITED
日本,月影,月影,2022/1/21,可樂藝術文創股份有限公司,"Nagoya Broadcasting Network Co.,Ltd."
法國,情慾告白,情慾告白,2022/1/21,佳映娛樂國際股份有限公司,PYRAMIDE INTERNATIONAL
南韓,無人之境,無人之境,2022/1/21,車庫娛樂股份有限公司,"KT HITEL CO.,LTD."
加拿大,他奶奶的變裝皇后,奶奶的變裝,2022/1/21,天馬行空數位有限公司,WIDE
日本,說不出口的愛,說不出口的愛,2022/1/21,希望行銷娛樂有限公司,Good Move Media
美國,355：諜影特攻,諜影特攻,2022/1/19,車庫娛樂股份有限公司,RELAY MOTION KFT.
中華民國,再說一次我願意,再說一次我願意,2022/1/19,皮諾丘電影事業有限公司,"皮諾丘電影事業有限公司,白色影像製作股份有限公司,主雅映象有限公司,沅珅科技有限公司"
中華民國,我吃了那男孩一整年的早餐,男孩一整年的早餐,2022/1/28,華映娛樂股份有限公司,"華映娛樂股份有限公司,天際娛樂股份有限公司,星空飛騰國際娛樂有限公司,中環國際娛樂事業股份有限公司,星泰國際娛樂股份有限公司,三皇生物科技股份有限公司,樂到家國際娛樂股份有限公司,得藝文創國際股份有限公司,艾迪昇傳播事業有限公司"
美國,歡樂好聲音 2,歡樂好聲音 2,2022/1/28,美商美國環球影片股份有限公司台灣分公司,UNIVERSAL INTERNATIONAL FILMS LLC
中華民國,素還真,素還真,2022/1/28,威視股份有限公司,"品蓮觀真電影股份有限公司,霹靂國際多媒體股份有限公司"
美國,夜路,夜路,2022/1/28,博偉電影股份有限公司,"BUENA VISTA INTERNATIONAL,INC."
南韓,極速快遞,極速快遞,2022/1/28,車庫娛樂股份有限公司,RELAY MOTION KFT.
中華民國,諸葛四郎─英雄的英雄,諸葛四郎,2022/1/28,牽猴子股份有限公司,童年漫畫股份有限公司
日本,夏日幽靈,夏日幽靈,2022/1/28,車庫娛樂股份有限公司,AVEX PICTURES INC.
日本,花與愛麗絲：數位修復版,花與愛麗絲,2022/1/28,光年映畫有限公司,Rockwell Eyes Inc.
南韓,亡命陷阱,亡命陷阱,2022/1/28,水元素文化傳媒有限公司,"kt alpha Co.,Ltd."
美國,終極攻佔,終極攻佔,2022/2/4,車庫娛樂股份有限公司,RELAY MOTION KFT.
日本,詛咒,詛咒,2022/2/4,車庫娛樂股份有限公司,RELAY MOTION KFT.
西班牙,瀕臨崩潰邊緣的女人 經典數位修復,瀕臨崩潰邊緣的女人,2022/2/4,天馬行空數位有限公司,TF1 DROITS AUDIOVISUELS
西班牙,我造了什麼孽 經典數位修復,我造了什麼孽,2022/2/4,天馬行空數位有限公司,TF1 DROITS AUDIOVISUELS
西班牙,慾望法則 經典數位修復,慾望法則,2022/2/4,天馬行空數位有限公司,TF1 DROITS AUDIOVISUELS
西班牙,修女夜難熬 經典數位修復,修女夜難熬,2022/2/4,天馬行空數位有限公司,TF1 DROITS AUDIOVISUELS
捷克,勇鼠闖天堂,勇鼠闖天堂,2022/2/4,可樂藝術文創股份有限公司,CHARADES
法國,最後一件晚禮服的秘密,晚禮服的秘密,2022/2/4,海鵬影業有限公司,ORANGE STUDIO
美國,月球隕落,月球隕落,2022/2/3,英屬維京群島商高捷全球開發有限公司 台灣分公司,"Accelerated Global Content,LLC"
中華民國,嗨！神獸,嗨！神獸,2022/2/1,滿滿額娛樂股份有限公司,滿滿額娛樂股份有限公司##華納集團##凱擘影藝股份有限公司##百聿數碼創意股份有限公司##硯石(廈門)文化傳媒有限公司##神州娛樂股份有限公司
美國,尼羅河謀殺案,尼羅河謀殺案,2022/2/11,博偉電影股份有限公司,"BUENA VISTA INTERNATIONAL,INC."
美國,娶我吧!,娶我吧,2022/2/11,美商美國環球影片股份有限公司台灣分公司,UNIVERSAL INTERNATIONAL FILMS LLC
美國,王牌冤家,王牌冤家,2022/2/11,海鵬影業有限公司,United International Pictures
日本,讓我聽見愛的歌聲,聽見愛的歌聲,2022/2/11,木棉花國際股份有限公司,BANDAI NAMCO Arts Inc.
美國,黑特冤家,黑特冤家,2022/2/11,威視股份有限公司,Freeway Entertainment Kft.
法國,艾菲爾情緣,艾菲爾情緣,2022/2/11,車庫娛樂股份有限公司,RELAY MOTION KFT.
美國,地球重生,地球重生,2022/2/11,采昌國際多媒體股份有限公司,FREEWAY ENTERTAINMENT KFT.
法國,幸福知音,幸福知音,2022/2/11,天馬行空數位有限公司,FREANCE TELEVISIONS DISTRIBUTION
美國,BJ單身日記,BJ單身日記,2022/2/11,薩摩亞商雄讚股份有限公司台灣分公司,STUDIOCANAL S.A.S.
德國,型男斷捨離,型男斷捨離,2022/2/11,車庫娛樂股份有限公司,PICTURE TREE INTERNATIONAL GMBH
英國,波西米亞人,波西米亞人,2022/2/10,威秀影城股份有限公司,Trafalgar Releasing Limited
英國,曼儂‧雷斯科,曼儂‧雷斯科,2022/2/10,威秀影城股份有限公司,Trafalgar Releasing Limited
英國,馬克白,馬克白,2022/2/10,威秀影城股份有限公司,Trafalgar Releasing Limited
南韓,PHANTOM: THE MUSICAL FILM,PHANTOM,2022/2/18,威秀影城股份有限公司,WYS en Scene Co. Ltd.
日本,電影版 昨日的美食,昨日的美食,2022/2/18,車庫娛樂股份有限公司,AVEX PICTURES INC.
越南,鬼電梯,鬼電梯,2022/2/18,車庫娛樂股份有限公司,RELAY MOTION KFT.
法國,黑盒線索,黑盒線索,2022/2/18,采昌國際多媒體股份有限公司,StudioCanal SAS
美國,逍遙上路,逍遙上路,2022/2/18,英屬蓋曼群島商威望國際娛樂股份有限公司台灣分公司,FREEWAY ENTERTAINMENT KFT.
中華民國,愛別離苦,愛別離苦,2022/2/18,後場音像紀錄工作室有限公司,後場音像紀錄工作室有限公司
美國,完美的敵人,完美的敵人,2022/2/18,峻龍國際有限公司,"Fandom Holdings,LLC."
芬蘭,反恐行動：獨立日,獨立日,2022/2/18,原創娛樂股份有限公司,REinvent Studios International Sales
日本,垃圾頭,垃圾頭,2022/2/18,捷傑有限公司,GAGA Corporation
法國,執愛不悔,執愛不悔,2022/2/18,佳映娛樂國際股份有限公司,FRANCE TELEVISIONS DISTRIBUTION
美國,秘境探險,秘境探險,2022/2/17,美商台灣索尼影業發行股份有限公司台灣分公司,SONY PICTURES RELEASING INTERNATIONAL CORPORATION.
英國,時代革命,時代革命,2022/2/25,影樂國際股份有限公司,Haven Productions Ltd.
美國,黑光行動,黑光行動,2022/2/25,威視股份有限公司,BL Production LLC
德國,瑪雅蜜蜂大冒險：守護小金蛋,瑪雅蜜蜂大冒險,2022/2/25,華映娛樂股份有限公司,Studio 100 Film GmbH
西班牙,瘋狂競賽片,瘋狂競賽片,2022/2/25,薩摩亞商雄讚股份有限公司台灣分公司,MEDIAPRODUCCION S.L.U.
德國,我是你的完美男友,你的完美男友,2022/2/25,海鵬影業有限公司,Beta Cinema GmbH
美國,情聖西哈諾,情聖西哈諾,2022/2/25,美商美國環球影片股份有限公司台灣分公司,UNIVERSAL INTERNATIONAL FILMS LLC
法國,密室譯戰,密室譯戰,2022/2/25,車庫娛樂股份有限公司,WILD BUNCH
西班牙,櫻櫻大日本,櫻櫻大日本,2022/2/25,聯影企業股份有限公司,BETA CINEMA
日本,劇場版 咒術迴戰 0,咒術迴戰,2022/2/24,薩摩亞商羚邦(亞洲)有限公司台灣分公司,"Toho Co.,Ltd."
美國,生命理賠師,生命理賠師,2022/3/4,車庫娛樂股份有限公司,"WILW HOLDINGS,LLC"
西班牙,平行母親,平行母親,2022/3/4,傳影互動股份有限公司,BATRAX ENTERTAINMENT B.V.
法國,巴黎夢想家,巴黎夢想家,2022/3/4,可樂藝術文創股份有限公司,GAUMONT S.A
美國,通靈女校,通靈女校,2022/3/4,車庫娛樂股份有限公司,RELAY MOTION KFT.
美國,蝙蝠俠,蝙蝠俠,2022/3/3,美商華納兄弟（遠東）股份有限公司台灣分公司,WARNER BROS. PICTURES INTERNATIONAL.
中華民國,該死的阿修羅,該死的阿修羅,2022/3/11,內容物數位電影製作有限公司,"內容物數位電影製作有限公司,岸上影像有限公司,數位奇蹟科技股份有限公司"
泰國,凝弒,凝弒,2022/3/11,英屬蓋曼群島商威望國際娛樂股份有限公司台灣分公司,"CJ ENM CO.,Ltd"
美國,絕命通話,絕命通話,2022/3/11,英屬維京群島商高捷全球開發有限公司 台灣分公司,Boies/Schiller Film Group Inc.
美國,貝爾法斯特,貝爾法斯特,2022/3/11,美商美國環球影片股份有限公司台灣分公司,UNIVERSAL INTERNATIONAL FILMS LLC
中華民國,青春換日線,青春換日線,2022/3/11,原創娛樂股份有限公司,"峰起云湧影業股份有限公司,班迪國際有限公司"
俄羅斯,絕命第19排,絕命第19排,2022/3/11,車庫娛樂股份有限公司,RELAY MOTION KFT.
日本,接棒家族,接棒家族,2022/3/11,車庫娛樂股份有限公司,RELAY MOTION KFT.
德國,再見列寧！,再見列寧,2022/3/11,海鵬影業有限公司,Bavaria Media International A division of Bavaria Media GmbH
南韓,茲山魚譜,茲山魚譜,2022/3/11,捷傑有限公司,M-LINE DISTRIBUTION
日本,Fate/stay night - 無限劍製,無限劍製,2022/3/11,普威爾國際股份有限公司,"Tokyo Broadcasting System Television,Inc.,"
中華民國,咒,咒,2022/3/18,牽猴子股份有限公司,"空殼影像股份有限公司 ,精漢堂影像有限公司,川琇數位娛樂有限公司,地球防衛隊娛樂有限公司,艾德國際投資股份有限公司,奇亨創意影像有限公司,語謙行銷有限公司,高雄人（高雄市電影館）,世界投資顧問股份有限公司,夢想創造股份有限公司"
中華民國,少年吔,少年吔,2022/3/18,星泰國際娛樂股份有限公司,原典國際影視製作有限公司
美國,壞蛋聯盟,壞蛋聯盟,2022/3/18,美商美國環球影片股份有限公司台灣分公司,UNIVERSAL INTERNATIONAL FILMS LLC
日本,魔法水果籃 -前奏曲-,魔法水果籃,2022/3/18,曼迪傳播有限公司,TV TOKYO Corporation
南韓,奇怪的數學家,奇怪的數學家,2022/3/18,車庫娛樂股份有限公司,SHOWBOX CORP.
法國,今敏：造夢魔術師,造夢魔術師,2022/3/18,光年映畫有限公司,Carlotta Films
英國,極限逃殺,極限逃殺,2022/3/18,采昌國際多媒體股份有限公司,GFM FILMS LLP
西班牙,丟包大作戰,丟包大作戰,2022/3/18,威視股份有限公司,"FILM FACTORY ENTERTAINMENT,S.L."
美國,終極堡壘,終極堡壘,2022/3/18,車庫娛樂股份有限公司,RELAY MOTION KFT.
中華民國,願未央,願未央,2022/3/18,目宿媒體股份有限公司,目宿媒體股份有限公司
美國,獵殺戰場,獵殺戰場,2022/3/18,峻龍國際有限公司,"Fandom Holdings,LLC."
美國,全面掃蕩,全面掃蕩,2022/3/18,天馬行空數位有限公司,Atrium Productions Kft.
美國,劫獄救援,劫獄救援,2022/3/18,可樂藝術文創股份有限公司,Atrium Productions. Kft.
南韓,遊走塵市間,遊走塵市間,2022/3/18,中影股份有限公司,"FINECUT CO.,LTD."
美國,劫命救護,劫命救護,2022/3/25,美商美國環球影片股份有限公司台灣分公司,UNIVERSAL INTERNATIONAL FILMS LLC
美國,救命緝約,救命緝約,2022/3/25,英屬蓋曼群島商威望國際娛樂股份有限公司台灣分公司,"STX PRODUCTIONS,LLC"
日本,電影版 DEEMO 櫻色旋律 —你所彈奏的琴音 至今仍在迴響—,DEEMO,2022/3/25,車庫娛樂股份有限公司,RELAY MOTION KFT.
中華民國,野夏天,野夏天,2022/3/25,群石國際有限公司,群石國際有限公司
丹麥,漂浪人生,漂浪人生,2022/3/25,好威映象有限公司,Cinephil
南韓,為人民服務,為人民服務,2022/3/25,車庫娛樂股份有限公司,RELAY MOTION KFT.
奧地利,愛你讓我自由,讓我自由,2022/3/25,海鵬影業有限公司,THE MATCH FACTORY
中國大陸,如果有一天我將會離開你,我將會離開你,2022/3/25,天馬行空數位有限公司,"華策影視(北京)有限公司,華策影業(天津) 有限公司,逞能影視製作(北京) 有限公司,廈門硯石科技有限公司,之升(上海)影業有限公司,松澤國際影業股份有限公司,華策影業 (香港) 有限公司,上海淘票票影視文化有限公司,天津貓眼微影文化傳媒有限公司,北京自由酷鯨影業有限公司,廈門大洲影視文化發展有限公司,北京微夢創科網絡技術有限公司,抖音文化（廈門）有限公司"
美國,盜夢睡務員,盜夢睡務員,2022/3/25,聯影企業股份有限公司,alief SAS
日本,相撲道,相撲道,2022/3/25,台北双喜電影發行股份有限公司,株式会社プリュネ
美國,圓滾滾藝術家-費爾南多·波特羅,費爾南多·波特羅,2022/3/25,輝洪開發股份有限公司,Good Vibe Media
美國,藝術恐怖份子 班克斯,藝術恐怖份子,2022/3/25,輝洪開發股份有限公司,"Vision Films,Inc."
美國,魔比斯,魔比斯,2022/4/1,美商台灣索尼影業發行股份有限公司台灣分公司,SONY PICTURES RELEASING INTERNATIONAL CORPORATION.
中華民國,頭七,頭七,2022/4/1,皮諾丘電影事業有限公司,"皮諾丘電影事業有限公司,台灣大哥大股份有限公司,馬棋朵數位影像製作有限公司,杰瑞音樂有限公司,天馬傳播事業有限公司"
美國,音速小子 2,音速小子 2,2022/4/1,美商美國派拉蒙影片股份有限公司台灣分公司,PARAMOUNT PICTURES CORPORATION
英國,餐廳失控夜,餐廳失控夜,2022/4/1,傳影互動股份有限公司,CHARADES
西班牙,雙子謀殺案：白城之寂,雙子謀殺案,2022/4/1,車庫娛樂股份有限公司,"FILM FACTORY ENTERTAINMENT,S.L."
美國,詭謎藏,詭謎藏,2022/4/1,車庫娛樂股份有限公司,RELAY MOTION KFT.
德國,指考風暴,指考風暴,2022/4/1,政駒實業有限公司,Arthood Entertainment GmbH
美國,失落謎城,失落謎城,2022/4/8,美商美國派拉蒙影片股份有限公司台灣分公司,PARAMOUNT PICTURES CORPORATION
日本,電影版 如果30歲還是處男，似乎就能成為魔法師,30歲還是處男,2022/4/8,車庫娛樂股份有限公司,TV TOKYO CORPORATION
日本,愛國女子─紅武士道,愛國女子,2022/4/8,台灣幸福科學出版有限公司,幸福の科学
日本,假面騎士劇場版 對決！超越新世代,假面騎士,2022/4/8,木棉花國際股份有限公司,Animation Entertainment Ltd.
日本,那些得不到保護的人,得不到保護的人,2022/4/8,鴻聯國際開發股份有限公司,"Shochiku Co.,Ltd."
香港,少年,少年,2022/4/8,光年映畫有限公司,1984工作室
美國,玩命獵殺,玩命獵殺,2022/4/8,采昌國際多媒體股份有限公司,Atrium Productions Kft.
日本,妖獸都市1987 劇場版,妖獸都市,2022/4/8,水元素文化傳媒有限公司,JAPAN HOME VIDEO INC.
美國,終極包圍戰,終極包圍戰,2022/4/8,車庫娛樂股份有限公司,RELAY MOTION KFT.
美國,投機者樂團：愛的鼓勵,投機者樂團,2022/4/8,造次文化有限公司,"Vision Film,Inc"
日本,國士無雙,國士無雙,2022/4/16,國家電影及視聽文化中心,日活株式會社公司
越南,祖怨,祖怨,2022/4/15,車庫娛樂股份有限公司,GEM ENTERTAINMENT KFT.
法國,友你才精彩,友你才精彩,2022/4/15,威視股份有限公司,ELLE DRIVER SAS
伊朗,何處是我朋友的家？,何處是我朋友的家,2022/4/15,海鵬影業有限公司,MK2 FILMS
法國,尋子風暴,尋子風暴,2022/4/15,車庫娛樂股份有限公司,RELAY MOTION KFT.
伊朗,生生長流,生生長流,2022/4/15,海鵬影業有限公司,MK2 FILMS
中華民國,有時 Mama，有時 Mimi,有時 Mama,2022/4/15,車庫娛樂股份有限公司,後場音像紀錄工作室有限公司
印度,天堂電影院,天堂電影院,2022/4/15,聯影企業股份有限公司,ORANGE STUDIO
日本,聖地X,聖地X,2022/4/15,天馬行空數位有限公司,"KING RECORD CO.,LTD."
英國,瑪莉娜的512小時,瑪莉娜,2022/4/15,捷傑有限公司,Film Republic Sales Ltd
日本,對某飛行員的追憶,飛行員的追憶,2022/4/15,水元素文化傳媒有限公司,"TMS ENTERTAINMENT CO., LTD"
南韓,在你面前,在你面前,2022/4/15,可樂藝術文創股份有限公司,"FINECUT CO.,LTD."
法國,屠女養成記,屠女養成記,2022/4/15,原創娛樂股份有限公司,Other Angle Pictures
法國,破膽三次,破膽三次,2022/4/15,薩摩亞商雄讚股份有限公司台灣分公司,STUDIOCANAL S.A.S.
法國,築愛巴黎,築愛巴黎,2022/4/15,好威映象有限公司,Playtime
美國,怪獸與鄧不利多的秘密,怪獸與鄧不利多,2022/4/14,美商華納兄弟（遠東）股份有限公司台灣分公司,WARNER BROS. PICTURES INTERNATIONAL.
美國,媽的多重宇宙,媽的多重宇宙,2022/4/22,薩摩亞商雄讚股份有限公司台灣分公司,A24 INTERNATIONAL LLC
美國,超吉任務,超吉任務,2022/4/22,車庫娛樂股份有限公司,LIONS GATE INTERNATIONAL (UK) LIMITED
香港,重慶森林 4K數位修復版,重慶森林,2022/4/22,英屬蓋曼群島商威望國際娛樂股份有限公司台灣分公司,Jet Tone Films Limited
越南,越驚,越驚,2022/4/22,采昌國際多媒體股份有限公司,Atrium Productions Kft.
日本,急急復雞雞,急急復雞雞,2022/4/22,華映娛樂股份有限公司,Avex Picture Inc.
日本,魔神英雄傳 七魂的龍神丸 -再會-,魔神英雄傳,2022/4/22,提恩傳媒實業有限公司,株式会社サンライズ
伊朗,橄欖樹下的情人,橄欖樹下,2022/4/22,海鵬影業有限公司,MK2 FILMS
日本,海岬的迷途之家,海岬的迷途,2022/4/22,華藝娛樂股份有限公司,Fuji Creative Corporation
俄羅斯,核爆車諾比,核爆車諾比,2022/4/22,車庫娛樂股份有限公司,RELAY MOTION KFT.
日本,臥底型警FINAL,臥底型警,2022/4/22,蜜蜂工房創藝有限公司,PONY CANYON INC.
南韓,阿爸休假中,阿爸休假中,2022/4/22,佳映娛樂國際股份有限公司,Indiestory Inc.
南韓,SEVENTEEN POWER OF LOVE : THE MOVIE,SEVENTEEN POWER OF LOVE,2022/4/20,威秀影城股份有限公司,"CJ 4DPLEX CO.,Ltd."
美國,記憶殺神,記憶殺神,2022/4/29,英屬蓋曼群島商威望國際娛樂股份有限公司台灣分公司,"STX PRODUCTIONS,LLC"
中華民國,售命,售命,2022/4/29,老頑童娛樂有限公司,"老頑童娛樂有限公司,太極影音科技股份有限公司,鹿橋文化事業股份有限公司"
美國,死間行動,死間行動,2022/4/29,車庫娛樂股份有限公司,RELAY MOTION KFT.
日本,燃燒的劍,燃燒的劍,2022/4/29,采昌國際多媒體股份有限公司,"Toho Co.,Ltd."
南韓,超跑斯特拉,超跑斯特拉,2022/4/29,英屬維京群島商高捷全球開發有限公司 台灣分公司,"FINECUT CO.,LTD"
日本,決戰星期天,決戰星期天,2022/4/29,可樂藝術文創股份有限公司,"TBS GLOWDIA,INC."
義大利,真愛超能力,真愛超能力,2022/4/29,海鵬影業有限公司,True Colours Glorious Films Srl
日本,鳶,鳶,2022/4/29,天馬行空數位有限公司,KADOKAWA
日本,告白,告白,2022/4/29,車庫娛樂股份有限公司,"TOHO CO.,LTD."
南韓,春川神秘中邪事件,神秘中邪事件,2022/4/29,水元素文化傳媒有限公司,"INOLMEDIA Co.,Ltd"
加拿大,藥命回憶,藥命回憶,2022/4/29,車庫娛樂股份有限公司,PROTAGONIST PICTURES LIMITED
中國大陸,奪冠,奪冠,2022/4/22,香港商甲上娛樂有限公司台灣分公司,"芳草地影視（北京）有限公司,浙江橫店影業有限公司 ,霍爾果斯金逸影業有限公司 ,無限頻率影視有限公司,北京完美影視傳媒有限責任公司,天津天影電影製片有限公司 ,東海電影集團有限公司,耳東文化（北京）有限公司,北京世紀蜘蛛文化傳播有限公司,北京歌亞時代投資管理有限公司 ,天津磨鐵娛樂有限公司 ,上海複逸文化傳播有限公司 ,西咸新區秦漢野馬文化產業發展有限公司 ,盛耀蔚萊（北京）國際文化發展有限公司 ,嘉映影業有限公司 ,北京嘉映文化傳媒有限公司 ,天下一電影製作有限公司,天津貓眼微影文化傳媒有限公司,好孩子制作有限公司,上海三次元影業有限公司 ,我們製作有限公司,北京嘉映春天影業有限公司 ,華夏電影發行有限責任公司,歡喜傳媒集團有限公司,阿里巴巴影業（北京）有限公司,聯瑞（上海）影業有限公司,中國電影股份有限公司,喀什嘉映文化傳媒有限公司 ,峨眉電影集團有限公司,文投控股股份有限公司,浙江省文化產業投資集團有限公司,上海拾谷影業有限公司 ,漢鼎宇佑傳媒科技有限公司 ,中央紀委中國方正出版社,拍拍文化傳媒（無錫）有限公司,邵氏兄弟國際影業有限公司,浙江影視（集團）有限公司 ,亞博思文化傳媒（北京）有限公司"
中國大陸,你好，李煥英,李煥英,2022/5/6,車庫娛樂股份有限公司,"喀什嘉視文化傳媒有限公司,上海復逸文化傳播有限公司,北京光彩紀行文化發展有限公司,冠宇影業(北京)有限公司,嘲風影業(北京)有限責任公司,北京匠紫文化傳媒有限公司,上海貓眼影業有限公司,北京國盾影視傳媒有限公司,華誼兄弟電影有限公司,深圳二狐文化產業發展有限公司,聯瑞(上海)影業有限公司,安徽舒茶九一六影視傳媒有限公司,浙江橫店影業有限公司,天津摩天輪文化傳媒有限公司,中國電影股份有限公司,阿里巴巴影業(北京)有限公司,北京大碗娛樂文化傳媒有限公司,新麗傳媒集團有限公司,北京精彩時間文化傳媒有限公司,天津貓眼微影文化傳媒有限公司,上海儒意影視制作有限公司,北京京西文化旅遊股份有限公司,華文映像(北京)影業有限公司,北京入海時網路科技有限公司"
香港,邊緣行者,邊緣行者,2022/5/6,車庫娛樂股份有限公司,"愛奇藝影業(北京)有限公司,愛奇藝電影集團香港有限公司,北京風和向日葵影業有限公司,廈門恒業影業有限公司,大足國際文化傳媒有限公司"
美國,奇異博士2：失控多重宇宙,奇異博士2,2022/5/4,台灣華特迪士尼股份有限公司,"BUENA VISTA INTERNATIONAL,INC."
中華民國,勸世三姊妹：大銀幕特別版,勸世三姊妹,2022/5/14,英屬蓋曼群島商威望國際娛樂股份有限公司台灣分公司,國家表演藝術中心衛武營國家藝術文化中心
泰國,猛鬼大學：第2學期,猛鬼大學,2022/5/13,英屬維京群島商高捷全球開發有限公司 台灣分公司,"Sahamongkolfilm International Co.,Ltd."
南韓,空氣殺人,空氣殺人,2022/5/13,采昌國際多媒體股份有限公司,Atrium Productions Kft.
英國,鯊顫,鯊顫,2022/5/13,威視股份有限公司,ALTITUDE FILM SALES LIMITED
日本,輪到你了 劇場版,輪到你了,2022/5/13,天馬行空數位有限公司,Nippon Television Network Corporation
南韓,死亡預報,死亡預報,2022/5/13,車庫娛樂股份有限公司,RELAY MOTION KFT.
日本,鹿王,鹿王,2022/5/13,木棉花國際股份有限公司,KADOKAWA CORPORATION
日本,漁港的肉子,漁港的肉子,2022/5/13,傳影互動股份有限公司,"Free Stone Productions Co.,LTD."
德國,詭棋,詭棋,2022/5/13,華映娛樂股份有限公司,"Error 404 Productions, Limited,優橝文化傳媒有限公司"
法國,親愛的童伴,親愛的童伴,2022/5/13,海鵬影業有限公司,MK2 FIMLS
瑞士,阿哈：帶我走,阿哈,2022/5/13,造次文化有限公司,First Hand Films
伊朗,我不是英雄,我不是英雄,2022/5/13,車庫娛樂股份有限公司,MEMENTO FILMS INTERNATIONAL
中華民國,格瑞特真相,格瑞特真相,2022/5/13,英屬蓋曼群島商威望國際娛樂股份有限公司台灣分公司,法務部調查局
美國,捍衛戰士: 獨行俠,獨行俠,2022/5/23,美商美國派拉蒙影片股份有限公司台灣分公司,PARAMOUNT PICTURES CORPORATION
南韓,犯罪都市2,犯罪都市2,2022/5/20,車庫娛樂股份有限公司,RELAY MOTION KFT.
日本,牛首村,牛首村,2022/5/20,車庫娛樂股份有限公司,RELAY MOTION KFT.
芬蘭,鬼雙胞,鬼雙胞,2022/5/20,采昌國際多媒體股份有限公司,FILM CONSTELLATION LTD.
泰國,淒厲人僧：卡到陰,淒厲人僧,2022/5/20,水元素文化傳媒有限公司,Five Star Production Company Limited
俄羅斯,逃出封鎖線,逃出封鎖線,2022/5/20,可樂藝術文創股份有限公司,Central Partnership Sales House
伊朗,櫻桃的滋味 數位修復版,櫻桃的滋味,2022/5/20,海鵬影業有限公司,MK2 FILMS
香港,秋天的童話,秋天的童話,2022/5/20,香港商甲上娛樂有限公司台灣分公司,FORTUNE STAR MEDIA LIMITED
伊朗,風帶著我來 數位修復版,風帶著我來,2022/5/20,海鵬影業有限公司,MK2 FILMS
日本,第一人夫,第一人夫,2022/5/20,英屬蓋曼群島商威望國際娛樂股份有限公司台灣分公司,NIKKATSU CORPORATION
芬蘭,孵魔,孵魔,2022/5/20,捷傑有限公司,Wild Bunch International
中華民國,給阿媽的一封信,阿媽的一封信,2022/5/20,鹿一電影製作有限公司,鹿一電影製作有限公司
中華民國,再會啦 白宮,再會啦 白宮,2022/5/20,我希望影像製作股份有限公司,我希望影像製作有限公司
美國,公共圖書館員,公共圖書館員,2022/5/20,輝洪開發股份有限公司,CAPSTONE GLOBAL CORP
法國,安妮詩快跑,安妮詩快跑,2022/5/20,聯影企業股份有限公司,BE FOR FILMS
美國,最後的生存者,最後的生存者,2022/5/20,原創娛樂股份有限公司,Vertical Entertainment
阿根廷,月影歸途,月影歸途,2022/5/20,可樂藝術文創股份有限公司,木林電影有限公司
泰國,愛在暹邏：數位經典版,愛在暹邏,2022/5/18,光年映畫有限公司,"Sahamongkolfilm International Co.,Ltd."
日本,電影版 99.9 不可能的翻案,不可能的翻案,2022/5/27,車庫娛樂股份有限公司,RELAY MOTION KFT.
中華民國,教練,教練,2022/5/27,佳映娛樂國際股份有限公司,"想映電影有限公司,佳映娛樂國際股份有限公司"
中華民國,費爾的旅程,費爾的旅程,2022/5/27,瀚草文創事業股份有限公司,陳勇瑞
法國,好好說再見,好好說再見,2022/5/27,中影股份有限公司,STUDIOCANAL
中華民國,還孩子做自己,還孩子做自己,2022/5/27,車庫娛樂股份有限公司,後場音像紀錄工作室有限公司
法國,藍色是最溫暖的顏色,最溫暖的顏色,2022/5/27,車庫娛樂股份有限公司,RELAY MOTION KFT.
日本,劇場版FREE! 男子游泳部–the Final Stroke–後篇,FREE,2022/1/21,采昌國際多媒體股份有限公司,"ABC Animation,INC."
美國,進擊的地才,進擊的地才,2022/6/3,仲業股份有限公司,"The Novice,LLC"
英國,們,們,2022/6/2,車庫娛樂股份有限公司,RELAY MOTION KFT.
德國,PINA,PINA,2022/6/2,香港商甲上娛樂有限公司台灣分公司,HANWAY FILMS LIMITED
德國,自然就樹美,自然就樹美,2022/6/2,海鵬影業有限公司,"TELEPOOL GmbH,Munchen"
匈牙利,懾影屍,懾影屍,2022/6/2,天馬行空數位有限公司,Evrit Consulting Kft.
法國,失速母親,失速母親,2022/6/2,好威映象有限公司,Be For Films
義大利,愛在書店相遇時,愛在書店,2022/6/2,東昊影業有限公司,True Colours
美國,終極夜路,終極夜路,2022/6/2,車庫娛樂股份有限公司,RELAY MOTION KFT.
日本,劇場版「黃金拼圖Thank you！！」,黃金拼圖,2022/6/2,蜜蜂工房創藝有限公司,Hakuhodo DY music & pictures Inc.
日本,噪音,噪音,2022/6/2,車庫娛樂股份有限公司,RELAY MOTION KFT.
法國,來自巴黎的情書,巴黎的情書,2022/5/27,東昊影業有限公司,MK2 Films
英國,伊恩•麥克連 80歲個人秀巡迴演出,伊恩•麥克連,2022/6/11,威秀影城股份有限公司,Royal National Theatre
日本,餘命10年,餘命10年,2022/6/10,車庫娛樂股份有限公司,WARNER BROS. JAPAN LLC
日本,露草,露草,2022/6/10,天馬行空數位有限公司,"Free Stone Productions Co.,Ltd."
黎巴嫩,黎巴嫩的天空,黎巴嫩的天空,2022/6/10,薩摩亞商雄讚股份有限公司台灣分公司,"1982 Productions,LLC"
英國,羅密歐與茱麗葉,羅密歐與茱麗葉,2022/6/10,威秀影城股份有限公司,Royal National Theatre
德國,熟女解放中,熟女解放中,2022/6/10,政駒實業有限公司,M- Appeal
日本,我的夏日大戀習,夏日大戀習,2022/6/10,輝洪開發股份有限公司,NIKKATSU CORPORATION
美國,侏羅紀世界: 統霸天下,侏羅紀,2022/6/8,美商美國環球影片股份有限公司台灣分公司,UNIVERSAL INTERNATIONAL FILMS LLC
美國,巴斯光年,巴斯光年,2022/6/17,台灣華特迪士尼股份有限公司,"BUENA VISTA INTERNATIONAL,INC."
中華民國,台灣男子葉石濤,葉石濤,2022/6/17,茂樹電影有限公司,"茂樹電影有限公司,高雄人"
日本,尋人啟弒,尋人啟弒,2022/6/17,光年映畫有限公司,"ASMIK ACE,INC."
法國,一屍到底：法屍浪漫,一屍到底,2022/6/17,車庫娛樂股份有限公司,RELAY MOTION KFT.
美國,午後彌撒,午後彌撒,2022/6/17,好威映象有限公司,Kinology
美國,蘿莉塔,蘿莉塔,2022/6/17,車庫娛樂股份有限公司,RELAY MOTION KFT.
義大利,隔離巢,隔離巢,2022/6/17,原創娛樂股份有限公司,"FILM FACTORY ENTERTAINMENT,S.L."
英國,利奥波德城,利奥波德城,2022/6/14,威秀影城股份有限公司,Royal National Theatre
南韓,嬰兒轉運站,嬰兒轉運站,2022/6/24,車庫娛樂股份有限公司,RELAY MOTION KFT.
波蘭,拜金女王的性愛派對,女王的性愛派對,2022/6/24,仲業股份有限公司,"Cinema Management Group,LLC"
日本,怪獸死了怎麼辦,怪獸死了,2022/6/24,車庫娛樂股份有限公司,RELAY MOTION KFT.
匈牙利,忌妒的藍圖,忌妒的藍圖,2022/6/24,可樂藝術文創股份有限公司,FILMS BOUTIQUE SAS
日本,龍馬！新生網球王子劇場版,網球王子,2022/6/24,捷傑有限公司,GAGA Corporation
芬蘭,不看鐵達尼號的男人,不看鐵達尼號,2022/6/24,天馬行空數位有限公司,INTRAMOVIES
法國,越界分身,越界分身,2022/6/24,本萃電影有限公司,CHARADES
美國,貓王艾維斯,貓王,2022/6/23,美商華納兄弟（遠東）股份有限公司台灣分公司,WARNER BROS. PICTURES INTERNATIONAL.
南韓,魔女二部曲：另一個她,魔女,2022/7/1,車庫娛樂股份有限公司,RELAY MOTION KFT.
美國,闇黑電話,闇黑電話,2022/7/1,美商美國環球影片股份有限公司台灣分公司,UNIVERSAL INTERNATIONAL FILMS LLC
南韓,衝鋒戰士劇場版：翁法洛斯島的秘密,衝鋒戰士,2022/7/1,華藝娛樂股份有限公司,"Choirock Contents Company Co.,Ltd."
美國,美國舞孃,美國舞孃,2022/7/1,車庫娛樂股份有限公司,RELAY MOTION KFT.
義大利,戰地夜曲,戰地夜曲,2022/7/1,佳映娛樂國際股份有限公司,The Match Factory GmbH
匈牙利,親愛的母親,親愛的母親,2022/7/1,輝洪開發股份有限公司,Good Vibe Media
法國,一路上有妳,一路上有妳,2022/7/1,好威映象有限公司,Playtime
日本,名偵探柯南 萬聖節的新娘,柯南,2022/6/30,普威爾國際股份有限公司,株式会社トムス・エンタテインメント
匈牙利,忌妒的藍圖,忌妒的藍圖,2022/6/24,可樂藝術文創股份有限公司,FILMS BOUTIQUE SAS
美國,深海獵奇,深海獵奇,2022/7/9,豪華大戲院股份有限公司,IMAX Corporation.
中華民國,少年吔，安啦！,少年吔，安啦！,2022/7/8,牽猴子股份有限公司,城市國際電影有限公司
美國,達賴的一生,達賴的一生,2022/7/8,東昊影業有限公司,Studiocanal S.A.S
美國,驅神,驅神,2022/7/8,車庫娛樂股份有限公司,RELAY MOTION KFT.
日本,螢火蟲之墓,螢火蟲之墓,2022/7/8,香港商甲上娛樂有限公司台灣分公司,"TOHO CO,LTD"
日本,太陽與波麗露,太陽與波麗露,2022/7/8,車庫娛樂股份有限公司,RELAY MOTION KFT.
印度,偉大的印度廚房,印度廚房,2022/7/8,天馬行空數位有限公司,MANKIND CINEMAS
中華民國,KULO,KULO,2022/7/8,車庫娛樂股份有限公司,後場音像紀錄工作室有限公司
日本,熊貓家族+熊貓家族 - 雨中的馬戲團,熊貓家族,2022/7/8,香港商甲上娛樂有限公司台灣分公司,"RAKUTEN GROUP,INC"
印尼,娜娜：逝水年華,娜娜,2022/7/8,前景娛樂有限公司,WILD BUNCH INTERNATIONAL
日本,兒時的點點滴滴,兒時的點點滴滴,2022/7/8,香港商甲上娛樂有限公司台灣分公司,Studio Ghibli Inc.
日本,平成狸合戰,平成狸合戰,2022/7/8,香港商甲上娛樂有限公司台灣分公司,Studio Ghibli Inc.
日本,神隱少年狼,神隱少年狼,2022/7/8,聯影企業股份有限公司,Masakazu Kaneko
日本,隔壁的山田君,山田君,2022/7/8,香港商甲上娛樂有限公司台灣分公司,Studio Ghibli Inc.
美國,雷神索爾：愛與雷霆,索爾,2022/7/6,台灣華特迪士尼股份有限公司,"BUENA VISTA INTERNATIONAL,INC."
日本,電影哆啦A夢：大雄的宇宙小戰爭 2021,哆啦A夢,2022/7/15,車庫娛樂股份有限公司,"TOHO CO.,LTD."
南韓,分手的決心,分手的決心,2022/7/15,車庫娛樂股份有限公司,RELAY MOTION KFT.
南韓,邪門,邪門,2022/7/15,采昌國際多媒體股份有限公司,Atrium Productions Kft.
法國,失業風暴,失業風暴,2022/7/15,可樂藝術文創股份有限公司,France Televisions Distribution
日本,婚顧女王,婚顧女王,2022/7/15,中影股份有限公司,"松竹 株式會社 Shochiku Co.,Ltd."
芬蘭,朵貝的愛情繪本,愛情繪本,2022/7/15,佳映娛樂國際股份有限公司,LevelK ApS
日本,在我和天空之間,天空之間,2022/7/15,華藝娛樂股份有限公司,Hakuhodo DY music & pictures Inc.
馬來西亞,野蠻人入侵,野蠻人入侵,2022/7/15,海鵬影業有限公司,Good Move Media
香港,喜歡妳是妳,喜歡妳是妳,2022/7/15,華映娛樂股份有限公司,"美亞電影製作有限公司,夢想沙龍娛樂文化有限公司"
美國,超級救援狗,超級救援狗,2022/7/10,豪華大戲院股份有限公司,IMAX Film Holding Co.
法國,烈火少女,烈火少女,2022/7/23,捷傑有限公司,"ACE HOLDINGS, S.À R.L"
南韓,非常殺手,非常殺手,2022/7/22,車庫娛樂股份有限公司,RELAY MOTION KFT.
泰國,鬼單眼,鬼單眼,2022/7/22,車庫娛樂股份有限公司,RELAY MOTION KFT.
香港,闔家辣,闔家辣,2022/7/22,香港商甲上娛樂有限公司台灣分公司,"金銀島製作有限公司,天下一電影製作有限公司,寰亞電影製作有限公司,香港電影發展基金"
中國大陸,于堇：蘭心大劇院,于堇,2022/7/22,峻龍國際有限公司,"北京千易時代文化傳媒有限公司,霍爾果斯佰安影業有限公司,浙江天意影視有限公司,伊犁卓然影業有限公司,霍爾果斯聚合影聯文化傳媒有限公司,上海千易源文化傳媒有限公司,凡魚傳媒(北京)有限公司,上海依英影視傳媒有限公司"
中華民國,徘徊年代,徘徊年代,2022/7/22,光元體影藝有限公司,"光元體影藝有限公司,傳影互動股份有限公司"
香港,七人樂隊,七人樂隊,2022/7/22,華映娛樂股份有限公司,"寰亞電影製作有限公司,中影寰亞音像製品有限公司,星光聯盟影業無錫有限公司,8028控股有限公司,北京真之影文化傳媒有限公司"
芬蘭,當女孩戀愛時,女孩戀愛時,2022/7/22,光年映畫有限公司,LevelK ApS
日本,偷情連載中,偷情,2022/7/22,英屬蓋曼群島商威望國際娛樂股份有限公司台灣分公司,NIKKATSU CORPORATION
義大利,洞,洞,2022/7/22,好威映象有限公司,Société Parisienne de Production SARL
日本,只是現在不走運而已,現在不走運,2022/7/22,天馬行空數位有限公司,GAGA Corporation
美國,喜悅：達賴喇嘛遇見屠圖主教,喜悅,2022/7/22,佳映娛樂國際股份有限公司,"ro*co films international, llc"
捷克,浪浪回家路,浪浪回家,2022/7/22,原創娛樂股份有限公司,S-MEDIA.TV s.r.o.
中國大陸,李茂扮太子,李茂,2022/7/22,風尚國際文化傳媒股份有限公司,"浙江畫眉影業有限公司,北京一品傳揚文化傳播有限公司,北京盛煜天桐文化集團有限公司,司貝影業（北京）有限公司,寧和萬向文化傳媒（北京）有限公司,四川納森影視文化傳媒有限公司,北京曉浩影視文化傳媒有限公司,津然影業（上海）有限公司,影聚天際影視傳媒（天津）有限公司,浙江橫店影業有限公司,抖音文化（廈門）有限公司,北京微夢創科網路技術有限公司,上海淘票票影視文化有限公司,天津閱文影視文化傳媒有限公司,騰訊影業文化傳播有限公司,中國電影股份有限公司,非洋娛樂傳媒（北京）有限公司,新麗傳媒集團有限公司,深圳垚眾傳媒有限公司,寧波浩瑞廣告傳媒有限公司"
美國,小小兵2:格魯的崛起,小小兵,2022/7/20,美商美國環球影片股份有限公司台灣分公司,UNIVERSAL INTERNATIONAL FILMS LLC
美國,最後的冰川,冰川,2022/7/2,豪華大戲院股份有限公司,IMAX Corporation
中華民國,民雄鬼屋,鬼屋,2022/7/29,采昌國際多媒體股份有限公司,"后花園數位影像製作有限公司,馬棋朵數位影像製作有限公司,采昌國際多媒體股份有限公司,皮諾丘電影事業有限公司,煉金術電影事業有限公司,罡風創意映像有限公司,有樂股份有限公司"
日本,特『刀劍亂舞-花丸-』～雪之卷～,雪之卷,2022/7/29,天馬行空數位有限公司,Marvelous Inc.
法國,席琳狄翁外傳：愛的力量,愛的力量,2022/7/29,聯影企業股份有限公司,GAUMONT S.A.
德國,永別了，柏林,柏林,2022/7/29,海鵬影業有限公司,LES FILMS DU LOSANGE
英國,法蘭克札帕：從前衛到當代,法蘭克札帕,2022/7/29,造次文化有限公司,Great Point Media Limited
法國,就在今夜,就在今夜,2022/7/29,東昊影業有限公司,MK2 Films
美國,殺戮基地,殺戮,2022/7/29,車庫娛樂股份有限公司,RELAY MOTION KFT.
南韓,外星+人,外星人,2022/7/27,車庫娛樂股份有限公司,RELAY MOTION KFT.
日本,再見了，橡果兄弟！－奇蹟的暑假－,橡果兄弟,2022/7/25,木棉花國際股份有限公司,KADOKAWA CORPORATION
美國,馬達加斯加：狐猴之島,馬達加斯加,2022/7/16,豪華大戲院股份有限公司,IMAX Corporation.
美國,小行星獵人,小行星,2022/7/3,豪華大戲院股份有限公司,IMAX Film Holding Co.
日本,角落小夥伴電影版：藍色月夜的魔法之子,角落小夥伴,2022/8/5,威視股份有限公司,"ASMIK ACE,INC."
加拿大,未來犯罪,未來犯罪,2022/8/5,車庫娛樂股份有限公司,RELAY MOTION KFT.
德國,非戀人絮語,非戀人,2022/8/5,傳影互動股份有限公司,THE MATCH FACTORY GmbH
中華民國,我永遠永遠永遠愛你,永遠愛你,2022/8/5,車庫娛樂股份有限公司,後場音像紀錄工作室有限公司
法國,喀布爾之燕,喀布爾之燕,2022/8/5,天馬行空數位有限公司,Celluloid Dreams SARL
英國,偷香 數位修復版,偷香,2022/8/5,車庫娛樂股份有限公司,RELAY MOTION KFT.
日本,蠟筆小新：幽靈忍者珍風傳,蠟筆小新,2022/8/4,木棉花國際股份有限公司,ADK EMOTIOS INC.
美國,子彈列車,子彈列車,2022/8/3,美商台灣索尼影業發行股份有限公司台灣分公司,SONY PICTURES RELEASING INTERNATIONAL CORPORATION.
美國,回歸野性,回歸野性,2022/7/17,豪華大戲院股份有限公司,IMAX Corporation.
日本,如果30歲還是處男，似乎就能成為魔法師【後篇】,魔法師,2022/6/12,車庫娛樂股份有限公司,TV TOKYO CORPORATION
日本,如果30歲還是處男，似乎就能成為魔法師【前篇】,魔法師,2022/6/11,車庫娛樂股份有限公司,TV TOKYO CORPORATION
日本,航海王劇場版 : 紅髮歌姬,航海王,2022/8/13,薩摩亞商雄讚股份有限公司台灣分公司,TOEI ANIMATION ENTERPRISES LIMITED.
南韓,緊急迫降,緊急迫降,2022/8/12,車庫娛樂股份有限公司,RELAY MOTION KFT.
美國,不!,不,2022/8/12,美商美國環球影片股份有限公司台灣分公司,UNIVERSAL INTERNATIONAL FILMS LLC
加拿大,沉默呼聲,沈默,2022/8/12,漂流木制作影視有限公司,Flying Clound Production Inc.
塞爾維亞,黑貓白貓：4K數位修復版,黑貓白貓,2022/8/12,光年映畫有限公司,MK2 FILMS
英國,我們的英搖時光,英搖時光,2022/8/12,造次文化有限公司,Creation Stories Limited
法國,降臨節日曆,降臨節,2022/8/12,車庫娛樂股份有限公司,WTFILMS
法國,春日小戀曲,春日小戀曲,2022/8/12,傳影互動股份有限公司,LUXBOX SAS
法國,一萬個叢林夜,叢林夜,2022/8/12,海鵬影業有限公司,LE PACTE
中華民國,哈勇家,哈勇家,2022/8/12,華映娛樂股份有限公司,"華映娛樂股份有限公司,氧氣電影有限公司,中環國際娛樂事業股份有限公司,星泰國際娛樂股份有限公司,得藝文創國際股份有限公司,凡宇興業有限公司,樂到家國際娛樂股份有限公司,鏡文學股份有限公司"
中華民國,神人之家,神人之家,2022/8/11,飛望影像有限公司,"飛望影像有限公司,文化內容策進院,Films de Force Majeure"
美國,DC超級寵物軍團,寵物軍團,2022/8/9,美商華納兄弟（遠東）股份有限公司台灣分公司,WARNER BROS. PICTURES INTERNATIONAL.
香港,神探大戰,神探大戰,2022/8/19,華映娛樂股份有限公司,"英皇影業有限公司, 英皇(北京)影視文化傳媒有限公司,北京上獅文化傳播有限公司,上海淘票票影視文化有限公司,華文映像(北京)影業有限公司"
美國,獸,獸,2022/8/19,美商美國環球影片股份有限公司台灣分公司,UNIVERSAL INTERNATIONAL FILMS LLC
美國,天黑請斃命,天黑請斃命,2022/8/19,美商台灣索尼影業發行股份有限公司台灣分公司,SONY PICTURES RELEASING INTERNATIONAL CORPORATION.
南韓,韓山島海戰,韓山島,2022/8/19,車庫娛樂股份有限公司,RELAY MOTION KFT.
日本,電影版 奇巧計程車：撲朔謎林,計程車,2022/8/19,曼迪傳播有限公司,TV TOKYO Corporation
日本,如月車站,如月車站,2022/8/19,車庫娛樂股份有限公司,RELAY MOTION KFT.
日本,xxxHOLiC 次元魔女,次元魔女,2022/8/19,天馬行空數位有限公司,"ASMIK ACE,INC."
德國,泳漾水男孩,水男孩,2022/8/19,政駒實業有限公司,m-appeal world sales UG (haftungsbeschr)
波蘭,機遇之歌：數位修復版,機遇之歌,2022/8/28,光年映畫有限公司,MK2 FILMS
美國,孤兒怨2：最黑暗的過去,孤兒怨,2022/8/26,寶嘉租賃股份有限公司,"FILM,TV HOUSE LIMITED"
南韓,獵首密令,獵首密令,2022/8/26,英屬維京群島商高捷全球開發有限公司 台灣分公司,"MegaboxJoongang, Inc, PlusM."
日本,劇場版 五等分的新娘,五等分的新娘,2022/8/26,車庫娛樂股份有限公司,RELAY MOTION KFT.
法國,蝙狐俠：英雄覺醒,蝙蝠俠,2022/8/26,車庫娛樂股份有限公司,TF1 STUDIO
日本,北齋：浮世繪傳奇,北齋,2022/8/26,傳影互動股份有限公司,SDP INC.
日本,特『刀劍亂舞-花丸-』～月之卷～,月之卷,2022/8/26,天馬行空數位有限公司,Marvelous Inc.
美國,金甲部隊,金甲部隊,2022/8/26,美商華納兄弟（遠東）股份有限公司台灣分公司,WARNER BROS. PICTURES INTERNATIONAL.
烏克蘭,格列佛遊記：重返小人國,格列佛遊記,2022/8/26,可樂藝術文創股份有限公司,All Rights Entertainment.Ltd
德國,米婭的精靈王國,精靈王國,2022/8/26,華映娛樂股份有限公司,Studio 100 Film GmbH
波蘭,大獲拳勝,大獲拳勝,2022/8/26,燕翼企業有限公司,LOCO FILMS
美國,探戈行不行,探戈,2022/8/26,春暉映像有限公司,"Vision Films,Inc"
日本,美國女孩的日本日記,美國女孩,2022/8/26,聯影企業股份有限公司,"Essen.Communications,Inc."
法國,夜色中的她,夜色中的她,2022/8/26,佳映娛樂國際股份有限公司,CHARADES
中華民國,初戀慢半拍,初戀,2022/8/24,香港商甲上娛樂有限公司台灣分公司,"台灣大哥大股份有限公司 ,台北真好電影股份有限公司 ,良人行影業有限公司 ,宏將影業有限公司 ,時創影業股份有限公司,得利影視股份有限公司 ,聚星文創娛樂事業股份有限公司,喜滿客京華影城股份有限公司 ,威威巖娛樂製作有限公司 ,奇幻娛樂國際股份有限公司"
日本,七龍珠超：超級英雄,七龍珠,2022/9/3,美商台灣索尼影業發行股份有限公司台灣分公司,SONY PICTURES RELEASING INTERNATIONAL CORPORATION.
香港,花樣年華 4K數位修復版,花樣年華,2022/9/3,英屬蓋曼群島商威望國際娛樂股份有限公司台灣分公司,"Jet Tone Films Limited,春光映畫,PARADIS FILMS"
中華民國,尋找背海的人,背海的人,2022/9/3,目宿媒體股份有限公司,目宿媒體股份有限公司
日本,擅長捉弄人的高木同學劇場版,高木同學,2022/9/2,木棉花國際股份有限公司,"ASMIK ACE,INC."
美國,三千年的渴望,三千年渴望,2022/9/2,車庫娛樂股份有限公司,GEM ENTERTAINMENT KFT.
美國,世紀婚魘,世紀婚魘,2022/9/2,美商台灣索尼影業發行股份有限公司台灣分公司,SONY PICTURES RELEASING INTERNATIONAL CORPORATION.
南韓,界限,界限,2022/9/2,車庫娛樂股份有限公司,RELAY MOTION KFT.
中華民國,他還年輕,他還年輕,2022/9/2,目宿媒體股份有限公司,目宿媒體股份有限公司
英國,士兵與軍官,士兵與軍官,2022/9/2,采昌國際多媒體股份有限公司,FIREBIRD PRODUCTION LIMITED
香港,媽的星寵兒,星寵兒,2022/9/2,英屬維京群島商高捷全球開發有限公司 台灣分公司,"英皇影業有限公司 , 英皇娛樂(香港)有限公司 , 香港電影發展基金"
日本,末日救世主,救世主,2022/9/2,采昌國際多媒體股份有限公司,"TOKYO BROADCASTING SYSTEM TELEVISION, INC."
挪威,愛重奏,愛重奏,2022/9/2,好威映象有限公司,TRUSTNORDISK APS
泰國,超級蜥蜴王,蜥蜴王,2022/9/2,原創娛樂股份有限公司,"Neramitnung Film Co., Ltd."
西班牙,米其林母子檔,米其林,2022/9/2,輝洪開發股份有限公司,Festimania Pictures SL
中華民國,朝向一首詩的完成,一首詩的完成,2022/9/10,目宿媒體股份有限公司,目宿媒體股份有限公司
南韓,機密同盟2,機密同盟,2022/9/8,車庫娛樂股份有限公司,RELAY MOTION KFT.
日本,神隱少女,神隱少女,2022/9/8,香港商甲上娛樂有限公司台灣分公司,Studio Ghibli Inc.
美國,拉辛正傳,拉辛正傳,2022/9/8,美商美國派拉蒙影片股份有限公司台灣分公司,PARAMOUNT PICTURES CORPORATION
中華民國,藏匿處,藏匿處,2022/9/8,春暉映像有限公司,影格電影有限公司
美國,大開眼戒,大開眼戒,2022/9/8,美商華納兄弟（遠東）股份有限公司台灣分公司,WARNER BROS. PICTURES INTERNATIONAL.
美國,終極交戰,終極交戰,2022/9/8,車庫娛樂股份有限公司,RELAY MOTION KFT.
日本,七五計劃,七五計劃,2022/9/8,天馬行空數位有限公司,URBAN SALES. s.a.s (“US”)
義大利,請為我在羅馬多留一天,羅馬,2022/9/8,海鵬影業有限公司,VISION DISTRIBUTION S.p.A.
香港,一路瞳行,一路瞳行,2022/9/8,華映娛樂股份有限公司,"東方影業出品有限公司,本地製作有限公司,香港電影發展基金"
南韓,語意錯誤電影版,語意錯誤,2022/9/7,采昌國際多媒體股份有限公司,ATRIUM PRODUCTIONS KFT
日本,劇場版 超時空要塞F~虛空歌姬~,超時空要塞,2022/9/7,水元素文化傳媒有限公司,"BIGWEST CO., LTD."
中華民國,大俠胡金銓 第二部曲—斷腸人在天涯,大俠胡金銓第二部,2022/9/3,華映娛樂股份有限公司,"華映娛樂股份有限公司,七霞電影有限公司"
中華民國,大俠胡金銓 第一部曲—先知曾經來過,大俠胡金銓第一部,2022/9/3,華映娛樂股份有限公司,"華映娛樂股份有限公司,七霞電影有限公司"
美國,捍衛戰士+捍衛戰士2：獨行俠,捍衛戰士、獨行俠,2022/9/18,美商美國派拉蒙影片股份有限公司台灣分公司,PARAMOUNT PICTURES CORPORATION
美國,墜,墜,2022/9/16,車庫娛樂股份有限公司,RELAY MOTION KFT.
日本,電影版 搖曳露營△,搖曳露營,2022/9/16,薩摩亞商羚邦(亞洲)有限公司台灣分公司,FURYU CORPORATION
美國,別擔心親愛的,親愛的,2022/9/16,美商華納兄弟（遠東）股份有限公司台灣分公司,WARNER BROS. PICTURES INTERNATIONAL.
中華民國,科學少女,科學少女,2022/9/16,華影國際影藝有限公司,"東海大學,東吳大學,國立台灣師範大學,社團法人中華民國大渡山學會"
美國,看你往哪跑,看你往哪跑,2022/9/16,博偉電影股份有限公司,"BUENA VISTA INTERNATIONAL, INC."
中華民國,舞徑,舞徑,2022/9/16,好威映象有限公司,楊偉新
日本,極道主夫 電影版,極道主夫,2022/9/16,車庫娛樂股份有限公司,YOMIURI TELECASTING CORPORATION
中華民國,兜兜風,兜兜風,2022/9/16,月晴映像有限公司,"月晴映像有限公司,寒山拾得有限公司,高雄人"
日本,萌男友是柑橘色,萌男友,2022/9/16,捷傑有限公司,"Shochiku Co.,Ltd"
中華民國,關於，半夜夢見林默娘乘著海湧把垃圾全丟進我的未來這件塑，好像是真的,林默娘,2022/9/16,車庫娛樂股份有限公司,後場音像紀錄工作室有限公司
法國,她和她的小主廚們,小主廚們,2022/9/16,佳映娛樂國際股份有限公司,CHARADES
日本,新‧超人力霸王,超人力霸王,2022/9/13,野獸國股份有限公司,TSUBURAYA PRODUCTIONS
美國,阿凡達,阿凡達,2022/9/23,博偉電影股份有限公司,"BUENA VISTA INTERNATIONAL, INC."
日本,破案天才伽利略：沉默的遊行,破案天才、伽利略,2022/9/23,威視股份有限公司,PONY CANYON INC.
美國,毛骨悚然：惡魔重生,毛骨悚然,2022/9/23,車庫娛樂股份有限公司,RELAY MOTION KFT.
香港,飯戲攻心,飯戲攻心,2022/9/23,華映娛樂股份有限公司,"安樂影片有限公司,萬誘引力乙有限公司,天下一電影製作有限公司"
日本,特『刀劍亂舞-花丸-』～華之卷～,華之卷,2022/9/23,天馬行空數位有限公司,Marvelous Inc.
法國,死噬,死噬,2022/9/23,采昌國際多媒體股份有限公司,KINOLOGY
比利時,怪胎英雄：奇克探險記,怪胎英雄,2022/9/23,木棉花國際股份有限公司,NWAVE PICTURES
法國,拆彈倒數30分鐘,拆彈倒數,2022/9/23,仲業股份有限公司,wide
新加坡,妖街皇后,妖街皇后,2022/9/23,英屬蓋曼群島商威望國際娛樂股份有限公司台灣分公司,花生映社有限公司
英國,性愛成癮的男人,性愛成癮,2022/9/23,車庫娛樂股份有限公司,RELAY MOTION KFT.
美國,心碎效應,心碎效應,2022/9/23,車庫娛樂股份有限公司,RELAY MOTION KFT.
英國,丹尼爾約翰斯頓：魔鬼詩篇,丹尼爾約翰斯頓,2022/9/23,造次文化有限公司,HANWAY FILMS LIMITED
越南,迷霧中的孩子,迷霧,2022/9/23,前景娛樂有限公司,CAT&Docs
法國,消失的達文西,達文西,2022/9/23,東昊影業有限公司,MK2 Films
日本,我想被高中女生殺死,被高中女生殺死,2022/9/23,可樂藝術文創股份有限公司,Nikkatsu Corporation
香港,美少年之戀,美少年,2022/9/23,英屬蓋曼群島商威望國際娛樂股份有限公司台灣分公司,花生映社有限公司
摩洛哥,聽見心嘻望,新嘻望,2022/9/23,海鵬影業有限公司,WILD BUNCH INTERNATIONAL
墨西哥,危雞總動員,危雞總動員,2022/9/23,原創娛樂股份有限公司,Odin's Eye Animation Pty Ltd
香港,玫瑰的故事,玫瑰,2022/9/23,英屬蓋曼群島商威望國際娛樂股份有限公司台灣分公司,花生映社有限公司
香港,流金歲月,流金,2022/9/23,英屬蓋曼群島商威望國際娛樂股份有限公司台灣分公司,"花生映社有限公司,中央電影事業股份有限公司"
日本,Ｎ号棟鬧鬼,N号棟,2022/9/21,天馬行空數位有限公司,Green Light LLC.
香港,繼園臺七號,繼園臺,2022/9/21,英屬蓋曼群島商威望國際娛樂股份有限公司台灣分公司,花生映社有限公司
美國,捍衛戰士+捍衛戰士：獨行俠,捍衛戰士、獨行俠,2022/9/18,美商美國派拉蒙影片股份有限公司台灣分公司,PARAMOUNT PICTURES CORPORATION
美國,微笑,微笑,2022/9/30,美商美國派拉蒙影片股份有限公司台灣分公司,PARAMOUNT PICTURES CORPORATION
南韓,樂透大作戰,樂透大作戰,2022/9/30,采昌國際多媒體股份有限公司,Atrium Productions Kft.
南韓,行動代號：狼狩獵,狼狩獵,2022/9/30,車庫娛樂股份有限公司,RELAY MOTION KFT.
美國,刀鋒劍客,刀鋒劍客,2022/9/30,車庫娛樂股份有限公司,RELAY MOTION KFT.
法國,正發生,正發生,2022/9/30,好威映象有限公司,Wild Bunch International
法國,小獅子王,小獅子王,2022/9/30,中影股份有限公司,PATHE FILMS S.A.S.
香港,心裏美,心裏美,2022/9/30,華映娛樂股份有限公司,"心裏美電影有限公司,偉新教育基金有限公司"
摩洛哥,聽見心嘻望,心嘻望,2022/9/23,海鵬影業有限公司,WILD BUNCH INTERNATIONAL
美國,幸福入場券,幸福入場券,2022/10/7,美商美國環球影片股份有限公司台灣分公司,UNIVERSAL INTERNATIONAL FILMS LLC
美國,阿姆斯特丹,阿姆斯特丹,2022/10/7,博偉電影股份有限公司,"BUENA VISTA INTERNATIONAL, INC."
美國,沼澤謀殺案,沼澤,2022/10/7,美商台灣索尼影業發行股份有限公司台灣分公司,SONY PICTURES RELEASING INTERNATIONAL CORPORATION.
越南,替屍鬼2：詛咒再臨,替屍鬼,2022/10/7,車庫娛樂股份有限公司,RELAY MOTION KFT.
中華民國,你在我心上,你在我心上,2022/10/7,星勢力娛樂股份有限公司,"麻吉砥加電影有限公司,星勢力娛樂股份有限公司,艾婷投資股份有限公司"
中華民國,童話．世界,童話,2022/10/7,主磐叙社有限公司,主磐叙社有限公司
南韓,政客誠實中2,誠實中,2022/10/7,車庫娛樂股份有限公司,RELAY MOTION KFT.
日本,麵包超人電影版：多洛林與妖怪嘉年華,麵包超人,2022/10/7,曼迪傳播有限公司,"TMS ENTERTAINMENT CO., LTD."
伊朗,贖罪風暴,贖罪風暴,2022/10/7,海鵬影業有限公司,TOTEM FILMS SAS
香港,失衡凶間,失衡凶間,2022/10/7,華映娛樂股份有限公司,寰亞電影製作有限公司##悅目映畫有限公司
中華民國,化城再來人,再來人,2022/10/7,目宿媒體股份有限公司,目宿媒體股份有限公司
美國,齊瓦哥醫生,齊瓦哥,2022/10/5,美商華納兄弟（遠東）股份有限公司台灣分公司,WARNER BROS. PICTURES INTERNATIONAL.
日本,河畔小日子,河畔,2022/10/3,政駒實業有限公司,KADOKAWA CORPORATION
美國,月光光新慌慌：萬聖結,月光光,2022/10/14,美商美國環球影片股份有限公司台灣分公司,UNIVERSAL INTERNATIONAL FILMS LLC
南韓,人生真美麗,人生真美麗,2022/10/14,車庫娛樂股份有限公司,RELAY MOTION KFT.
日本,極速甩尾,甩尾,2022/10/14,原創娛樂股份有限公司,Nikkatsu Corporation
美國,天劫高手,天劫,2022/10/14,采昌國際多媒體股份有限公司,Atrium Productions Kft.
美國,驚爆倒數60分鐘,倒數,2022/10/14,車庫娛樂股份有限公司,RELAY MOTION KFT.
中國大陸,野馬分鬃,野馬分鬃,2022/10/14,大躍進電影有限公司,阿里巴巴影業（北京）有限公司
法國,瑪歌皇后 數位修復版,瑪歌皇后,2022/10/14,車庫娛樂股份有限公司,RELAY MOTION KFT.
日本,戀之光,戀之光,2022/10/14,天馬行空數位有限公司,Happinet Phantom Studios Corporation
法國,真實世界,真實世界,2022/10/14,佳映娛樂國際股份有限公司,WILD BUNCH INTERNATIONAL
日本,青凪大學體育會航空部劇場版,青凪大學,2022/10/14,可樂藝術文創股份有限公司,"Toei Company, LTD."
中華民國,童話·世界,童話,2022/10/13,主磐叙社有限公司,主磐叙社有限公司
中華民國,孫行者傳,孫行者,2022/10/13,數位領域電影文化股份有限公司,數位領域電影文化股份有限公司
日本,電影版 後空翻少年!!,後空翻,2022/10/12,薩摩亞商羚邦(亞洲)有限公司台灣分公司,Fuji Creative Corporation
美國,捍衛戰士,捍衛戰士,2022/9/18,美商美國派拉蒙影片股份有限公司台灣分公司,PARAMOUNT PICTURES CORPORATION
日本,犬王,犬王,2022/10/21,車庫娛樂股份有限公司,RELAY MOTION KFT.
中華民國,大俠胡金銓 第一部曲—先知曾經來過,大俠胡金銓,2022/10/21,華映娛樂股份有限公司,"華映娛樂股份有限公司,七霞電影有限公司"
日本,劇場版 超時空要塞F~戀離飛翼~,超時空要塞,2022/10/21,水元素文化傳媒有限公司,"BIGWEST CO., LTD."
日本,救救旱鴨子,旱鴨子,2022/10/21,采昌國際多媒體股份有限公司,"Free Stone Productions Co., Ltd."
俄羅斯,大尉叛逃記,大尉,2022/10/21,天馬行空數位有限公司,MEMENTO INTERNATIONAL
德國,趴兔青春期,青春期,2022/10/21,海鵬影業有限公司,Beta Cinema GmbH
美國,終極堡壘2,終極堡壘,2022/10/21,車庫娛樂股份有限公司,RELAY MOTION KFT.
日本,每天上班總是累得要死,每天上班總是累得要死,2022/10/21,原創娛樂股份有限公司,Nikkatsu Corporation
巴勒斯坦,天堂髮廊,天堂髮廊,2022/10/21,東昊影業有限公司,Memento International
中華民國,幻日手記,幻日,2022/10/21,飛望影像有限公司,"飛望影像有限公司,財團法人公共電視文化事業基金會,駕絲齋影像美術設計,登月人影業有限公司,Exocorpus Productions"
美國,黑亞當,黑亞當,2022/10/19,美商華納兄弟（遠東）股份有限公司台灣分公司,WARNER BROS. PICTURES INTERNATIONAL.
美國,哥兒們,哥兒們,2022/10/19,美商美國環球影片股份有限公司台灣分公司,UNIVERSAL INTERNATIONAL FILMS LLC
中華民國,罪後真相,罪後真相,2022/10/18,威視股份有限公司,"伯樂影業股份有限公司,中環國際娛樂事業股份有限公司 ,良人行影業有限公司 ,宏將影業有限公司 ,東森電視事業股份有限公司 ,滿滿額娛樂股份有限公司 ,聚星文創娛樂事業股份有限公司 ,打字人創意有限公司 ,得利影視股份有限公司 ,有戲娛樂股份有限公司"
南韓,語意錯誤電影版,語意錯誤,2022/9/8,采昌國際多媒體股份有限公司,ATRIUM PRODUCTIONS KFT
秘魯,亞馬遜守護者：安珀傳奇,守護者,2022/1/13,車庫娛樂股份有限公司,"CINEMA MANAGEMENT GROUP,LLC"
中華民國,無邊,無邊,2022/10/17,後場音像紀錄工作室有限公司,"那時此刻股份有限公司,後場音像紀錄工作室有限公司"
美國,絕命線阱,絕命線阱,2022/11/4,采昌國際多媒體股份有限公司,GEM ENTERTAINMENT KFT.
西班牙,遺屍物,遺屍物,2022/11/4,原創娛樂股份有限公司,"Castelao Pictures, S.L.U."
法國,索蘭琪的少女心事,少女心事,2022/11/4,東昊影業有限公司,ＭＫ2 Films
南韓,局中局,局中局,2022/11/4,車庫娛樂股份有限公司,RELAY MOTION KFT.
日本,迴咒師ー塩子的誕生,迴咒師,2022/11/4,台灣幸福科學出版有限公司,幸福の科学
日本,大逃殺 4K數位修復版,大逃殺,2022/11/4,車庫娛樂股份有限公司,RELAY MOTION KFT.
俄羅斯,獵空計畫,獵空計畫,2022/11/4,可樂藝術文創股份有限公司,Central Partnerhsip Sales House LCC
瑞士,瑞士鐘錶師,鐘錶師,2022/11/4,聯影企業股份有限公司,Alpha Violet
中華民國,小藍,小藍,2022/11/4,英屬蓋曼群島商威望國際娛樂股份有限公司台灣分公司,奇葩娛樂事業有限公司
日本,刀劍神域劇場版 –Progressive- 陰沉薄暮的詼諧曲,刀劍神域,2022/11/1,木棉花國際股份有限公司,Aniplex Inc.
中華民國,罪後真相,罪後真相,2022/10/28,威視股份有限公司,"伯樂影業股份有限公司,中環國際娛樂事業股份有限公司 ,良人行影業有限公司 ,宏將影業有限公司 ,東森電視事業股份有限公司 ,滿滿額娛樂股份有限公司 ,聚星文創娛樂事業股份有限公司 ,打字人創意有限公司 ,得利影視股份有限公司 ,有戲娛樂股份有限公司"
德國,逃出風暴,逃出風暴,2022/10/28,聯影企業股份有限公司,The Playmaker Munich
日本,流浪之月,流浪之月,2022/10/28,車庫娛樂股份有限公司,RELAY MOTION KFT.
日本,調職令是警察樂隊！,警察樂隊,2022/10/28,天馬行空數位有限公司,GAGA Corporation
日本,信用詐欺師JP：英雄篇,詐欺師,2022/10/28,可樂藝術文創股份有限公司,PONY CANYON INC.
中華民國,流麻溝十五號,流麻溝,2022/10/28,牽猴子股份有限公司,湠臺灣電影股份有限公司
美國,鬼禱,鬼禱,2022/10/28,車庫娛樂股份有限公司,"FLAMING DEVILS, LLC"
南韓,笑子當老大,笑子當老大,2022/10/28,采昌國際多媒體股份有限公司,Atrium Productions Kft.
中華民國,大俠胡金銓 第二部曲—斷腸人在天涯,大俠胡金銓,2022/10/28,華映娛樂股份有限公司,"華映娛樂股份有限公司,七霞電影有限公司"
挪威,詭孩,詭孩,2022/10/28,好威映象有限公司,Atrium Productions KFT.
美國,捍衛戰士+捍衛戰士: 獨行俠,捍衛戰士、獨行俠,2022/9/18,美商美國派拉蒙影片股份有限公司台灣分公司,PARAMOUNT PICTURES CORPORATION
中華民國,哈勇家,哈勇家,2022/11/11,華映娛樂股份有限公司,"華映娛樂股份有限公司,氧氣電影有限公司,中環國際娛樂事業股份有限公司,星泰國際娛樂股份有限公司,得藝文創國際股份有限公司,凡宇興業有限公司,樂到家國際娛樂股份有限公司,鏡文學股份有限公司"
中華民國,我心我行,我心我行,2022/11/11,三乘影像股份有限公司,"三乘影像股份有限公司,藝碩文創股份有限公司,許芳宜＆藝術家"
日本,春心萌動的老屋緣廊,老屋緣廊,2022/11/11,天馬行空數位有限公司,NIPPON TELEVISION NETWORK CORPORATION
日本,即使，這份戀情今晚會從世上消失,戀情消失,2022/11/11,車庫娛樂股份有限公司,"TOHO CO., LTD."
法國,抓狂養老院,養老院,2022/11/11,原創娛樂股份有限公司,Other Angle Pictures
日本,幽靜的山荷葉,山荷葉,2022/11/11,希望行銷娛樂有限公司,"Nagoya Broadcasting Network Co., Ltd."
澳門,海鷗來過的房間,海鷗,2022/11/11,海鵬影業有限公司,地地影像工房有限公司
瑞典,星夢性快感,性快感,2022/11/11,車庫娛樂股份有限公司,VERSATILE
美國,黑豹 2：瓦干達萬歲,黑豹,2022/11/9,台灣華特迪士尼股份有限公司,"BUENA VISTA INTERNATIONAL, INC."
日本,天才狂歡派對：首部曲,狂歡派對,2022/11/1,光年映畫有限公司,"Beyond C. Co., Ltd."
中華民國,稻浪上的夢想家,夢想家,2022/11/20,上善醫文化工作室,池上多力米股份有限公司
中華民國,一家子兒咕咕叫,咕咕叫,2022/11/18,原子映象有限公司,"六六喜喜股份有限公司,原子映象有限公司,高雄人,臺中拍"
中華民國,兩地,兩地,2022/11/18,目宿媒體股份有限公司,目宿媒體股份有限公司
喬治亞,喬治亞天空下,喬治亞,2022/11/18,好威映象有限公司,CERCAMON MFZE
日本,錯位的青春,錯位青春,2022/11/18,車庫娛樂股份有限公司,RELAY MOTION KFT.
法國,書情話慾,書情話慾,2022/11/18,鴻聯國際開發股份有限公司,Why Not Productions
南韓,厄憶追凶,厄憶追凶,2022/11/18,車庫娛樂股份有限公司,RELAY MOTION KFT.
日本,劇場版 歌之☆王子殿下♪ 真愛ST☆RISH TOURS,王子殿下,2022/11/18,曼迪傳播有限公司,"KING RECORD CO., LTD."
美國,她有話要說,她有話要說,2022/11/18,美商美國環球影片股份有限公司台灣分公司,UNIVERSAL INTERNATIONAL FILMS LLC
泰國,愛情需要編劇,愛情編劇,2022/11/18,采昌國際多媒體股份有限公司,M PICTURES COMPANY LIMITED
日本,性徒,性徒,2022/11/18,中影股份有限公司,The Klockworx Co. Ltd.
美國,貓爸爸們,貓爸爸,2022/11/25,捷傑有限公司,"MOTION PICTURE EXCHANGE,LLC"
日本,天空之城,天空之城,2022/11/25,香港商甲上娛樂有限公司台灣分公司,Studio Ghibli Inc.
英國,大製片家,製片家,2022/11/25,佳映娛樂國際股份有限公司,"VISIT FILMS, LLC"
日本,通往異世界的便利店,異世界便利店,2022/11/25,天馬行空數位有限公司,"Free Stone Productions Co., Ltd.,"
日本,戀上笨拙的你,笨拙的你,2022/11/25,英屬維京群島商映畫聯合有限公司台灣分公司,RELAY MOTION KFT.
西班牙,放牛班足球隊,放牛班,2022/11/25,仲業股份有限公司,"FILM FACTORY ENTERTAINMENT, S.L."
美國,俠探特攻：全面追緝,俠探特工,2022/11/25,車庫娛樂股份有限公司,RELAY MOTION KFT.
美國,奇異冒險,奇異冒險,2022/11/25,台灣華特迪士尼股份有限公司,"BUENA VISTA INTERNATIONAL, INC."
南韓,音爆浩劫,音爆浩劫,2022/11/25,車庫娛樂股份有限公司,RELAY MOTION KFT.
日本,葬禮,葬禮,2022/11/25,台北双喜電影發行股份有限公司,"Itami Productions Co., Ltd."
中華民國,失序正義,失序正義,2022/11/25,星泰國際娛樂股份有限公司,傑恩西影像工作室
中華民國,女優 摔吧！,女優,2022/11/25,滿滿額娛樂股份有限公司,"滿滿額娛樂股份有限公司,上作娛樂有限公司"
中華民國,神人之家,神人之家,2022/11/25,飛望影像有限公司,"飛望影像有限公司,文化內容策進院,Films de Force Majeure"
美國,骨肉的總和,骨肉,2022/11/24,美商華納兄弟（遠東）股份有限公司台灣分公司,WARNER BROS. PICTURES INTERNATIONAL.
南韓,王者製造,王者,2022/12/2,華映娛樂股份有限公司,M LINE DISTRIBUTION
南韓,整形帝王,整形帝王,2022/12/2,車庫娛樂股份有限公司,RELAY MOTION KFT.
日本,還有愛的日子,有愛的日子,2022/12/2,海鵬影業有限公司,MK2 FILMS
印度,梵天神器：滅世開端,梵天神器,2022/12/2,原創娛樂股份有限公司,STAR INDIA PRIVATE LIMITED
日本,通往夏天的隧道，再見的出口,夏天的隧道,2022/12/2,車庫娛樂股份有限公司,RELAY MOTION KFT.
美國,暴戾夜,暴戾夜,2022/12/2,美商美國環球影片股份有限公司台灣分公司,UNIVERSAL INTERNATIONAL FILMS LLC
中國大陸,四海,四海,2022/12/2,恆星多媒體股份有限公司,"上海亭東影業有限公司,阿里巴巴影業（北京）有限公司,新疆博納潤澤文化傳媒有限公司,霍爾果斯聯瑞影業有限公司,中國電影股份有限公司,天津貓眼微影文化傳媒有限公司,浙江橫店影業有限公司,上海電影（集團）有限公司,果麥文化傳媒股份有限公司,海口那可是家大影視文化有限公司,融創未來文化娛樂（北京）有限公司,北京國影縱橫電影發行有限公司,廈門人馬文化傳媒有限公司,北京耀影電影發行有限公司,霍爾果斯有忻影業有限公司,北京微夢創科網絡技術有限公司,抖音文化（廈門）有限公司"
日本,蒲公英,蒲公英,2022/12/2,台北双喜電影發行股份有限公司,"Itami Productions Co., Ltd."
美國,五星饗魘,五星饗魘,2022/12/2,博偉電影股份有限公司,"BUENA VISTA INTERNATIONAL, INC."
英國,如果驢知道,如果驢知道,2022/12/2,香港商甲上娛樂有限公司台灣分公司,HANWAY FILMS LIMITED
瑞士,女孩與蜘蛛,女孩與蜘蛛,2022/12/2,好威映象有限公司,Cercamon MFZE
美國,決戰38度線,決戰38度線,2022/11/30,英屬蓋曼群島商威望國際娛樂股份有限公司台灣分公司,"STX PRODUCTIONS, LLC"
南韓,NCT DREAM THE MOVIE : In A DREAM,DREAM,2022/11/30,威秀影城股份有限公司,Trafalgar Releasing Ltd.
日本,天才狂歡派對：最終章,天才狂歡派對,2022/11/28,光年映畫有限公司,"Beyond C. Co., Ltd."
日本,修羅天魔~骷髏城之七人．極,骷髏城,2022/11/25,威秀影城股份有限公司,Village INC.
英國,瘋狂富作用,富作用,2022/11/21,英屬蓋曼群島商威望國際娛樂股份有限公司台灣分公司,SOCIETE PARISIENNE DE PRODUCTION SARL
南韓,晝盲神探,晝盲神探,2022/12/9,車庫娛樂股份有限公司,RELAY MOTION KFT.
南韓,失控正義,失控正義,2022/12/9,采昌國際多媒體股份有限公司,ATRIUM PRODUCTIONS KFT.
美國,俠探特攻：贖罪行動,俠探特工,2022/12/9,車庫娛樂股份有限公司,RELAY MOTION KFT.
日本,魚之子,魚之子,2022/12/9,天馬行空數位有限公司,NIKKATSU CORPORATION
日本,好想傳達你的聲音,你的聲音,2022/12/9,捷傑有限公司,TOHOKUSHINSHA FILM CORPORATION
南韓,小說家電影,小說家,2022/12/9,可樂藝術文創股份有限公司,"FINECUT CO., LTD"
日本,愛情在車上,愛情在車上,2022/12/9,英屬維京群島商映畫聯合有限公司台灣分公司,RELAY MOTION KFT.
中國大陸,這個殺手不太冷靜,殺手不冷靜,2022/12/9,內容物數位電影製作有限公司,"新麗傳媒集團有限公司,西虹市影視文化(天津)有限公司,浙江開心麻花影業有限公司,天津貓眼微影文化傳媒有限公司,天津閱文影視文化傳媒有限公司,騰訊影業文化傳播有限公司,海口西虹胡同影視文化有限公司,抖音文化(廈門)有限公司,上海淘票票影視文化有限公司,北京烤拉文化傳媒有限公司,長影時代傳媒股份有限公司,海南樂鏡影視文化傳媒有限公司,華文映像(北京)影業有限公司,大象娛樂傳媒(溫州)有限公司,拾圈文化傳媒南京有限公司,吉林省第柒影視工作室有限公司,上海福畫影視文化有限公司,蜃景影視文化傳播(海口)有限公司"
日本,關於我轉生變成史萊姆這檔事劇場版 紅蓮之絆篇,史萊姆,2022/12/6,木棉花國際股份有限公司,Bandai Namco Filmworks Inc.
香港,憂鬱之島,憂鬱,2022/11/20,光年映畫有限公司,憂鬱之島製作有限公司
中華民國,一家子兒咕咕叫,咕咕叫,2022/11/11,原子映象有限公司,"六六喜喜股份有限公司,原子映象有限公司,高雄人,臺中拍"
美國,海底世界,海底世界,2022/12/18,豪華大戲院股份有限公司,IMAX Corporation.
法國,我所知道她的二三事,二三事,2022/12/17,社團法人台灣電影文化協會,TAMASA DISTRIBUTION
法國,芳名卡門,芳名卡門,2022/12/17,社團法人台灣電影文化協會,TAMASA DISTRIBUTION
美國,大熊貓,大熊貓,2022/12/17,豪華大戲院股份有限公司,IMAX Film Holding Co.
法國,有你就是家,有你就是家,2022/12/16,海鵬影業有限公司,Wild bunch International
泰國,魔蟲禁區,魔蟲,2022/12/16,車庫娛樂股份有限公司,RELAY MOTION KFT.
法國,男性，女性,男性女性,2022/12/16,社團法人台灣電影文化協會,TAMASA DISTRIBUTION
玻利維亞,高原上的家屋,高原上的家屋,2022/12/16,佳映娛樂國際股份有限公司,Alpha Violet
日本,天使降臨到我身邊！珍貴的朋友,天使降臨,2022/12/16,采昌國際多媒體股份有限公司,KADOKAWA CORPORATION
澳洲,閨蜜大狂殺,閨蜜,2022/12/16,原創娛樂股份有限公司,LevelK ApS
中華民國,家家,家家,2022/12/16,香港商甲上娛樂有限公司台灣分公司,姚國禎
美國,阿凡達：水之道,阿凡達,2022/12/14,博偉電影股份有限公司,"BUENA VISTA INTERNATIONAL, INC."
法國,賴活,賴活,2022/10/26,社團法人台灣電影文化協會,LES FILMS DE LA PLEIADE
中華民國,一起一起,一起,2022/12/16,春暉映像有限公司,"萊思捷有限公司,日商富地滋股份有限公司台灣分公司,久和投資控股有限公司,新轉機國際股份有限公司,杰瑞音樂有限公司"
日本,線，畫出的我,線,2022/12/23,天馬行空數位有限公司,NIPPON TELEVISION NETWORK CORPORATION
西班牙,湯恩與劍客汪汪隊,湯恩與劍客,2022/12/23,可樂藝術文創股份有限公司,CHARADES SAS
南韓,共感頻率,共感,2022/12/23,車庫娛樂股份有限公司,RELAY MOTION KFT.
南韓,碰碰狐音樂電影:奇幻城嘉年華,碰碰狐,2022/12/23,薩摩亞商雄讚股份有限公司台灣分公司,"The Pinkfong Company, Inc."
南韓,花路阿朱媽,阿朱媽,2022/12/23,采昌國際多媒體股份有限公司,REDIANCE
日本,輝夜姬想讓人告白－永不結束的初吻,輝夜姬,2022/12/23,木棉花國際股份有限公司,Aniplex Inc.
印尼,鬼搖靈2：陰語陣陣,鬼搖靈,2022/12/23,車庫娛樂股份有限公司,RELAY MOTION KFT.
美國,朝聖之路：聖雅各,朝聖之路,2022/12/23,水元素文化傳媒有限公司,"AMBI Exclusive Acquisition Co., LLC"
中華民國,夏日天空的那匹紅馬,夏日,2022/12/23,簡單主張影音製作有限公司,簡單主張影音製作有限公司
香港,智齒,智齒,2022/12/23,華映娛樂股份有限公司,太陽娛樂文化有限公司
英國,初步舉證,初步舉證,2022/12/20,威秀影城股份有限公司,Royal National Theatre